<application>
  <component name="Trusted.Paths">
    <option name="TRUSTED_PROJECT_PATHS">
      <map>
        <entry key="$USER_HOME$/Developer/devopsmicroapi" value="true" />
        <entry key="$USER_HOME$/Developer/devopsmicroapi/.idea/.idea.Alarm.DevOps" value="true" />
        <entry key="$USER_HOME$/RiderProjects/fsharp-test" value="true" />
        <entry key="$USER_HOME$/RiderProjects/fsharp-test/.idea/.idea.fsharp-test" value="true" />
      </map>
    </option>
  </component>
</application>