<application>
  <component name="DimensionService">
    <size key="GridCell.Tab.0.left.0.0.3024.1964@192dpi" width="2830" height="728" />
    <size key="GridCell.Tab.0.center.0.0.3024.1964@192dpi" width="2830" height="728" />
    <size key="GridCell.Tab.0.right.0.0.3024.1964@192dpi" width="2830" height="728" />
    <size key="GridCell.Tab.0.bottom.0.0.3024.1964@192dpi" width="2830" height="728" />
    <size key="GridCell.Tab.1.left.0.0.3024.1964@192dpi" width="2830" height="728" />
    <size key="GridCell.Tab.1.center.0.0.3024.1964@192dpi" width="2830" height="728" />
    <size key="GridCell.Tab.1.right.0.0.3024.1964@192dpi" width="2830" height="728" />
    <size key="GridCell.Tab.1.bottom.0.0.3024.1964@192dpi" width="2830" height="728" />
    <size key="GridCell.Tab.2.left.0.0.3024.1964@192dpi" width="2830" height="728" />
    <size key="GridCell.Tab.2.center.0.0.3024.1964@192dpi" width="2830" height="728" />
    <size key="GridCell.Tab.2.right.0.0.3024.1964@192dpi" width="2830" height="728" />
    <size key="GridCell.Tab.2.bottom.0.0.3024.1964@192dpi" width="2830" height="728" />
    <size key="GridCell.Tab.3.left.0.0.3024.1964@192dpi" width="2830" height="728" />
    <size key="GridCell.Tab.3.center.0.0.3024.1964@192dpi" width="2830" height="728" />
    <size key="GridCell.Tab.3.right.0.0.3024.1964@192dpi" width="2830" height="728" />
    <size key="GridCell.Tab.3.bottom.0.0.3024.1964@192dpi" width="2830" height="728" />
    <size key="GridCell.Tab.4.left.0.0.3024.1964@192dpi" width="2830" height="728" />
    <size key="GridCell.Tab.4.center.0.0.3024.1964@192dpi" width="2830" height="728" />
    <size key="GridCell.Tab.4.right.0.0.3024.1964@192dpi" width="2830" height="728" />
    <size key="GridCell.Tab.4.bottom.0.0.3024.1964@192dpi" width="2830" height="728" />
    <size key="GridCell.Tab.5.left.0.0.3024.1964@192dpi" width="2830" height="728" />
    <size key="GridCell.Tab.5.center.0.0.3024.1964@192dpi" width="2830" height="728" />
    <size key="GridCell.Tab.5.right.0.0.3024.1964@192dpi" width="2830" height="728" />
    <size key="GridCell.Tab.5.bottom.0.0.3024.1964@192dpi" width="2830" height="728" />
    <size key="GridCell.Tab.6.left.0.0.3024.1964@192dpi" width="2830" height="728" />
    <size key="GridCell.Tab.6.center.0.0.3024.1964@192dpi" width="2830" height="728" />
    <size key="GridCell.Tab.6.right.0.0.3024.1964@192dpi" width="2830" height="728" />
    <size key="GridCell.Tab.6.bottom.0.0.3024.1964@192dpi" width="2830" height="728" />
    <size key="GridCell.Tab.0.left.0.0.3600.2338@192dpi" width="3404" height="390" />
    <size key="GridCell.Tab.0.center.0.0.3600.2338@192dpi" width="3404" height="390" />
    <size key="GridCell.Tab.0.right.0.0.3600.2338@192dpi" width="3404" height="390" />
    <size key="GridCell.Tab.0.bottom.0.0.3600.2338@192dpi" width="3404" height="390" />
    <size key="GridCell.Tab.1.left.0.0.3600.2338@192dpi" width="3404" height="390" />
    <size key="GridCell.Tab.1.center.0.0.3600.2338@192dpi" width="3404" height="390" />
    <size key="GridCell.Tab.1.right.0.0.3600.2338@192dpi" width="3404" height="390" />
    <size key="GridCell.Tab.1.bottom.0.0.3600.2338@192dpi" width="3404" height="390" />
    <size key="GridCell.Tab.2.left.0.0.3600.2338@192dpi" width="3404" height="390" />
    <size key="GridCell.Tab.2.center.0.0.3600.2338@192dpi" width="3404" height="390" />
    <size key="GridCell.Tab.2.right.0.0.3600.2338@192dpi" width="3404" height="390" />
    <size key="GridCell.Tab.2.bottom.0.0.3600.2338@192dpi" width="3404" height="390" />
    <size key="GridCell.Tab.3.left.0.0.3600.2338@192dpi" width="3404" height="390" />
    <size key="GridCell.Tab.3.center.0.0.3600.2338@192dpi" width="3404" height="390" />
    <size key="GridCell.Tab.3.right.0.0.3600.2338@192dpi" width="3404" height="390" />
    <size key="GridCell.Tab.3.bottom.0.0.3600.2338@192dpi" width="3404" height="390" />
    <size key="GridCell.Tab.4.left.0.0.3600.2338@192dpi" width="3404" height="390" />
    <size key="GridCell.Tab.4.center.0.0.3600.2338@192dpi" width="3404" height="390" />
    <size key="GridCell.Tab.4.right.0.0.3600.2338@192dpi" width="3404" height="390" />
    <size key="GridCell.Tab.4.bottom.0.0.3600.2338@192dpi" width="3404" height="390" />
    <size key="GridCell.Tab.5.left.0.0.3600.2338@192dpi" width="3404" height="390" />
    <size key="GridCell.Tab.5.center.0.0.3600.2338@192dpi" width="3404" height="390" />
    <size key="GridCell.Tab.5.right.0.0.3600.2338@192dpi" width="3404" height="390" />
    <size key="GridCell.Tab.5.bottom.0.0.3600.2338@192dpi" width="3404" height="390" />
    <size key="GridCell.Tab.6.left.0.0.3600.2338@192dpi" width="3404" height="390" />
    <size key="GridCell.Tab.6.center.0.0.3600.2338@192dpi" width="3404" height="390" />
    <size key="GridCell.Tab.6.right.0.0.3600.2338@192dpi" width="3404" height="390" />
    <size key="GridCell.Tab.6.bottom.0.0.3600.2338@192dpi" width="3404" height="390" />
  </component>
  <component name="WindowManager">
    <frame x="8" y="33" width="2545" height="1400" />
  </component>
  <component name="WindowStateApplicationService">
    <state x="930" y="225" key="#Plugins" timestamp="1731608732666">
      <screen x="0" y="25" width="2560" height="1327" />
    </state>
    <state x="930" y="225" key="#Plugins/0.25.2560.1327" timestamp="1731608732666" />
    <state width="688" height="174" key="ShowUsagesActions.dimensionServiceKey" timestamp="1731691930850">
      <screen x="0" y="44" width="1800" height="1125" />
    </state>
    <state width="688" height="174" key="ShowUsagesActions.dimensionServiceKey/0.44.1800.1125" timestamp="1731691930850" />
    <state x="1280" y="575" width="800" height="650" key="WELCOME_SCREEN" timestamp="1731608995739">
      <screen x="0" y="25" width="2560" height="1327" />
    </state>
    <state x="1280" y="575" width="800" height="650" key="WELCOME_SCREEN/0.25.2560.1327" timestamp="1731608995739" />
  </component>
</application>